review,total_words,total_characters,words_rate
aplikasi keren fiturnya banyak mudah erti beli token bayar tagih daya komplen adu pakai ribet mudah,16,99,6.19
aplikasi keren fiturnya mudah erti beli token bayar tagih daya komplen adu pakai ribet mudah coba buru download,18,111,6.17
kali pakai apps pln adu tiba-tiba listrik mati rumah adu via telepon kece via apps alhamdulillah cepat tangan telepon malam langsung tangan terima kasih apps nya lumayan bantu,28,175,6.25
bantu lapor ganggu respon penganan cepat kece riwayat beli token kalkulasi biaya daya baca meter mandiri aplikasi,17,113,6.65
token listrik tulis periksa adu whatsapp pln dapat nomor reset terkadang slow respon lagi butuh banget tokennya bunyi berisik ganggu tetangga mohon tingkat segi layan mudah kode reset langsung aplikasi whatsapp terimakasih,32,222,6.94
mantap banget pln serba aplikasi aplikasi dimanfaatin one listrik isi token adu isi kendara listrik spot2 moga aplikasi stabil ringan fungsional salut,22,150,6.82
update tagih realtime bayar tagih muncul menit refresh baik update berkali2 clear cache enggak naikin bintang 5 turunin bintang 2 solutif dar template script bagaimana maju masuk gin doang responnya,30,198,6.6
aplikasi bagus recomended saran ditambahin pilih jenis ganggu keluh banyakm keluh sesuai menu ditambahin pilih tulis keluh ganggu,18,129,7.17
update cek email beli token listrik langsung masuk cek transaksi bayar dompet digital bayar cek aplikasi pln mobile notif tunggu bayar sistem masalah beli token listrik masuk mohon baik,29,185,6.38
aplikasi bagus 2x beli token bayar dana hasil debit aplikasi tunggu bayar nomor token jam transaksi commerce nomor token langsung bayar hasil,22,141,6.41
aplikasi bantu ganguan langsung laporankan cepat penangananya layan informasi baru kait madam daya pasang bantu aplikasi mudah,17,126,7.41
apresiasi tinggi pln sedia fitur chat bantu layan 2 kali guna respons cepat saran mohon mudah sambung fitur hubung 123 dari hp maju pln,24,135,5.62
fitur swacam catat meter eror kali uplod catat meter notif curl error 0 ulang kali update baik loading nya aplikasi lambat cepat aplikasi2,23,138,6.0
bantu lapor ganggu tangan cepat hemat biaya telepon habis pulsa kece riwayat beli token baca meter mandiri mantaappp,18,116,6.44
aplikasi payah menu notifikasi riwayat bayar tanggal jam nya bayar metode bayar shopee pay riwayat transaksi muncul payah,18,121,6.72
aplikasi nya sanga keren fitur nya lengkap banget mudah erti beli token bayar tagih mudah coba ayo download aplikasi nya rasa mudah nya,23,135,5.87
aplikasi bantu fiturnya ribet kantor pln lagi adu ganggu listrik mudah aplikasi pln mobile,14,90,6.43
layan adu kwh meter tunjuk kode periksa input foto langsung menu utama mohon baik menu adu tersebut mesti terimakasih,19,117,6.16
aplikasi bantu ganggu madam rumah langsung tracing tangan cepat proses pasang ubah daya nyala mudah guna,16,104,6.5
aplikasi bantu urus listrik terutama catat meter mandiri tambah allert catat swafoto ingat,13,90,6.92
baik 2hari 3malam saran status kembang aju tentu lapor langgan nyala nyala batal sistem tentu 123 kode area 123 email apk upgrade btw terima kasih,25,146,5.84
data tampil date butuh resfresh kali kali info admin butuh refresh kala butuh kembang aplikasi nya support aplikasi anak bangsa kasih bintang 5 biar admin nya senang developer semangat fitur fitur mudah guna,33,207,6.27
aplikasi kecewa baik-baik kalo bayar tagih listrik sekarang sudah bayar pakai virtual account mandiri eh status nya tunggu bayar batas 4 jam langsung ubah kadaluarsa transfer sesuai nomer nya sudah aju keluh respon,33,214,6.48
aplikasi lumayan bantu pilih metode bayar nya batas rekening bsi guna rekening mending transaksi aplikasi bsi mobile kalo begitu estimasi guna listrik akurat informasi salah habis aplikasi token listrik habis bikin panik parno hilang kalo begitu fiturnya unfaedah,38,263,6.92
aplikasi pln mobile bantu konsumen masalah kait listrik menu aplikasi variasi menu pakai token bayar non tagih listrik adu catat meter sambung ubah daya migrasi sambung simulasi biaya billing marketplace pln magazine efisien akses mudah cepat moga maju butuh konsumen,40,267,6.67
versi baru catat meter mandiri harus angka meter masuk dalam kotak kuning muncul angka otomatis layar hape klik ambil gambar angka meter luar frame hasil foto angka meter ambil gambar cahaya angka 0 meter baca angka 8 aplikasi,38,226,5.95
sistem aplikasi mohon baik pelihara jaring server respon dari pln sigap kemarin rating bintang 1 sistem aplikasi persepsi ubah layan pln responsif terimakasih moga jaga kualitas layan,27,183,6.78
guna aplikasi swacam beda angka stand meter capture tulis ulang kali kali tunjuk angka sesuai meter sesuai angka manual sesuai sesuai instruksi aplikasi swtelah kirim besar prakira biaya aplikasi tulis sedia kira biaya swacam bantu jawab,36,237,6.58
terimakasih pln mobile mudah daya pasang mudah terimakasih pln mobile manfaat sukses selalu pln mobile keep giving best service moga kayak gin mantap,23,149,6.48
aplikasi pln asli bagus saya 2x24 jam masuk tulis ganggu jaring sistem mohon coba ganggu sistem mohon bantu admin pln mobile kendala atas naik reting bintang nya terimakasih,28,173,6.18
status kerja lapor sesuai lapang status adu selesai baik baik listrik desa padam malam kerja besok pagi layan 24 jam lapor lambat kerja dalih ganggu nya unit pln pelihara beres ganggu ya cek laku baik lapor samaka,37,213,5.76
listrik mati baca tutup bingung coba kali kali download aplikasi pln mobile coba memasuki data langsung keluh langgan butuh pln nya langsung telepon bapak ramah ramah terimakasih pln moga amanah,30,194,6.47
aplikasi bantu menu menu mudah lapor ganggu aju pasang ubah daya moga depa mantap butuh langgan,16,95,5.94
aplikasi bagus pasang listrik nyata lapang pakai aplikasi pln mobile pasang pakai tiga btl bayar cepat pasang tunggu cerah terimakasih,20,134,6.7
aplikasi pln mobile bantu fitur tracing ganggu ganggu listrik padam langsung tracing cepat tangan terimakasih pln,16,113,7.06
alami apk plnmobile salah sambung server atas buka apk plnmobile pakai paket data pakai wifi pakai wifi pakai wifi iconnet,20,122,6.1
aplikasi bagus adu tingkat batal otomatis terang lokasi kendara chat tugas lewat karena informasi nama tugas baik tampil nilai bagus tidak operasi lapor adu tambah hari kali padam paksa telpon 123 antena padam suara terima kasih,36,228,6.33
aplikasi bantu permasalan listrik alami 1 aplikasi muat fitur efektif efisien keluar tenaga bolak pln tangan jam kantor tahan tingkat layan unggul terimakasihh,23,159,6.91
aplikasi listrik masak jam mati listrik 5x partnya usang mbok ganti kencengin kendorin kolor,14,92,6.57
fitur catat meter februari 2023 fungsi tombol ranah tekan aktivitas coba ulang kali fungsi januari 2023 fungsi sayang aplikasi tidak fitur lapor aplikasi mohon tanggap,25,167,6.68
konfirmasi bayar tagih listrik pascabayar payment gatewaynya error loading user halaman konfirmasi transaksi klik bayar menu transaksi tagih listview tagih ulang mohon tingkat kait proses bisnis aplikasi,27,203,7.52
telusur aplikasi pln mobile jalan jaring wiffi iconnet jaring indihome myrepublik paket data jalan normal,15,105,7.0
mudah langgan informasi ganggu listrik pln baik lagi aplikasi nya data history beli token meter pencil orang smart phone,19,120,6.32
aplikasi pln mobile bantu mohon adu listrik mohon internetnya loh akses mudah kalah hebat bayar tagih listrik beli token mantap thx,21,131,6.24
aplikasi bagus fiturnya mudah paham erti bayar tagih isi token listrik ribet mudah mberikan layan baik terima kasih pln,19,119,6.26
mudah paham layan lumayan bantu contoh butuh info listrik layan pln mobile aplikasi ganggu listrik ubah daya info rekening padam info dari rumah buka aplikasi pln mobile layan informasi listrik mantap tingkat inovasi baru nya,35,225,6.43
aplikasi bagus rekomended adu ganggu listrik fiturnya bagus deh pokok tingkat banyak reward dapat guna aplikasi,16,111,6.94
beli token aplikasi bayar status tunggu bayar kadaluarsa nomor token sayang adu tindak jawab tindak lanjut kait suruh mengecek email kala kecewa saldo potong token rugi,26,168,6.46
opsi unninstal ambil mencoba beli token aplikasi bayar virtual account bni langsung transfer eh buka aplikasi sudah status gagal transaksi 2 menit mencoba telpon call center suruh cek bank mencari data adu konfirmasi email screenshoot bukti buka email sedia email formalitas doang ha ha heh doang,46,296,6.43
cepat tangan lapang baik ubah listrik padam tugas baik kabel jenis hasil temu rusa trafo tugas lapang lambat tangan,19,115,6.05
metode swacamnya enggak jelas fitur bawa blitz otomatis enggak foto butuh blitz hasil putih kembali baru bikin susah bagus,19,122,6.42
aplikasi bantu info putar madam pasang imigrasi gadung aplikasi bantu hemat tau info putar pln langsung kantor mantap pokok pln depan,21,133,6.33
aplikasi pln mobile keren banget mudah konsumen akses fitur menu pakai bayar listrik adu catat meter info stimulus sambung ubah daya simulasi biaya sambung marketplace nya loh moga depan layan pln prima layan langgan indonesia mudah,36,232,6.44
layan mudah keren beli kendara listrik opsi bayar tagih listrik mohon baik bayar bcava,14,86,6.14
aplikasi bantu tau info madam tagih pasang migrasi daya biaya adu bantu hemat tau info pln kantor pln mantap sukses,20,115,5.75
lengkap menu aplikasi pasang daya info lapor ganggu baca kwh meter mandiri anti salah catat bayar update berita pln belanja lengkap aplikasi terima kasih pln nyaman pln mobile,28,175,6.25
aplikasi bagus piturnya mudah erti beli token bayar listrik daya nya pokok mantap deh moga jaya pln,17,99,5.82
aplikasi milik bumn manfaat urus daya cepat ribet tugas ramah kooperatif kesasar tugas hilang sabar gigih dalam layan good job pln tugas lapang,23,143,6.22
aplikasi bug eror bikin adu dm ig resmi pln balas buka menu marketplace menu merespon aktivasi pln mobile masuk handphone,20,121,6.05
bintang 4 9 ting real coba aju adu aplikasi tanggal 23 maret 2023 langsung malamm terima kasih pln layan teknik up3 pondok kopi,23,127,5.52
mohon tingkat menu marketplace terkadang buka produk loadingnya signal aman2,10,76,7.6
aplikasi bantu langgan tinggal tambah menu telepon aplikasi keluh mudah konfirmasi biaya pulsa reguler next bintang 5,17,117,6.88
aplikasi sampah daftarin kendara listrik ganggu sudah 3 ganggu aplikasi sudah mati bagaimana,13,92,7.08
pln mobile aplikasi mantap bantu langgan pln fitur update menu adu kait internet top,14,84,6.0
aplikasi pln mobile bantu salah satu tracing ganggu fitur fitur mudah guna guna moga depan,15,90,6.0
buruk ulang kali akun februari catat meter aplikasi jalan kecewa billing unggah ktp hutang bayar,15,96,6.4
mantap aplikasi mohon daya pasang direspon cepat layan nya cepat kerja adu listrik padam tugas dekat langsung mengecek mantap banget josss tingkat,22,146,6.64
aplikasi batu ganggu langsung tracing cepat tangan layan informasi baru kait madam migrasi daya tagih pasang aplikasi mudah,18,123,6.83
sudah kumpulin poin log periode catat meter poin hilang tiba-tiba aplikasi error pas poin sudah tukar dengan hadiah bilang habis memang kagak niat mengasih hadiah nya aplikasi payah,28,181,6.46
cerita pakai digital mobile pas pengin pasang internet tarik aju data clear data selesai admin menunggu teknisi eehh jawab tercover jaring rumah pada pakai internet menarik kabel kok enggak sayang sih bagaimana maju kalo baik aplikasi update benaran update area,40,261,6.53
catat meter mandiri swa cam januari 2023 sulit masuk angka stand meter kolom kuning aplikasi pln mobile gagal angka baca mudah kemarin tinggal foto angka meter,26,159,6.12
aplikasi bantu aplikasi pln mobile lapor ganggu listrik cepat tanggap nya cepat aplikasi transaksi beli pulsa menambah daya daftar aplikasi bantu terima kasih moga sukses,25,170,6.8
aplikasi layan bantu meter meter muncul baca periksa aju adu kali isi token bantu baca periksa,16,94,5.88
aplikasi pln mobile bantu atas listrik alami langgan fitur fiturnya mudah solusi listrik genggam terima kasih pln,17,113,6.65
bantu dengan apps karena tau info pasang pindah daya ganggu pln hemat atau telepon kantor,15,89,5.93
bantu aplikasi pln mobil mudah saadat ganggu langsung lapor aplikasi mudah pasang rubah daya ijin pesta,16,103,6.44
saran 1 kumpul point check hapus akses alias ganggu jaring sistem mulu sesat 2 daya tugas provinsi kabupaten kota ecek aplikasi akses error depan app 3 jaring prov kab kot,30,171,5.7
aplikasi bantu lapor ganggu informasih daya tagih pasang apalikasih mudah,10,73,7.3
terimakasih layan tangan bbrapa kendala alami mual dari meter listrik muncul tulis periksa isi token muncul pakai atas moga pln layan baik langgan,23,146,6.35
aplikasi nya manfaat user interface nya nyaman respon cepat mudah bayar tagih listrik info2 kini bonus2 nya mantap,18,114,6.33
program tukar baterai motor listrik ganggu kadang saldo sudah potong token nya belum beli habis update enggak bisa nuker batre baik,21,131,6.24
mohon promo cashback bonus point reward tambah peta ganggu tracking tugas peta real time gojek coba fitur keluh moga ganggu edit alamat ubah daya sesuai titik peta grafik beli token kali notifikasi pakai listrik 1 lihat kaleidoskop tahun,38,237,6.24
maaf min buka aplikasi notifikasi ganggu jaring sistem tanya aplikasi tahap baik kemarin coba masuk notifikasi muncul banget tim pln programmer nya baik mas mbak programmer sistem informasi nya pln program butuh baik moga kritik masuk jadi evaluasi baik,39,253,6.49
app bagus tangan lambat kenapa fitur feedback tangan ganggu hilang kalo ganggu listrik padam tangan lambat,16,106,6.62
pln mobile bantu kalo listrik malam ragu jaring den kasih bintang 1 coba buka layan adu puas layan nya cepat respon cepat tangan nya kendala jaring stabil,27,154,5.7
terimakasih pln aplikasi bantu fitur2 beli token rubah daya pasang listrik ku adu rumah ktrnya pln rumah aplikasi pln mobil notifnya sukses pln,23,143,6.22
mohon baik layan charge mobil listrik 1 buka aplikasi banget signal internetnya error 2 bayar gopay bayar kembali saldo pln mobile 3 buka menu butuh loading menit kecewa,28,169,6.04
beli token bayar listrik daya apa mudah bingung tinggal buka pln mobile sedia,13,77,5.92
aplikasi bantu informasi putar madam pasang migrasi daya adu aplikasi bantu hemat tau sepur pln langsung kantor nya mantap pokok mah pln,22,136,6.18
bantu ganggu mudah lapor pantau progres baik fitur daya pasang lihat estimasi biaya mantab mohon diupdate aplikasi biar bagus lancar,20,132,6.6
aplikasi mudah bantu guna pasang daya isi token listrik pantau ujung jari tingkat fitur fiturnya,15,96,6.4
aplikasi bantu info putar madam pasang migrasi daya adu aplikasi bantu hemat tau info putar pln langsung kantor mantap pokok nya mah pln,23,136,5.91
aplikasi nya mudah tampil tarik fiturnya lengkap bayar tagih beli token daya lapor ganggu,14,89,6.36
aplikasi bagus mohon maaf operator cepat tanggap malam bayar banking tidak lagsg pemberitahuan transaksi selesai kirim email nomor token banding aplikasi comers lagsg nomor token bayar selesai terimakasih perhati,29,212,7.31
bayar tagih listrik aplikasi bayar sopeepay tagih aplikasi pln nya konfirmasi pln nya bayar konfirmasi sopee nya hasil bayar merchant pln mobile alhasil sopee kembali saldo bayar 470 ribu pergi bayar kirim yasudah ajar lagi gunain aplikasi rugi,38,244,6.42
capek2 kantor pln adu aju layan super app nama pln mobile fitur2 manfaat langgan fitur adu daya pesta beli token good job pln jaya pln baik,26,139,5.35
respon ganggu listrik cepat aplikasi pln nya jalan bukti dengan aplikasi naik daya sulit promo,15,94,6.27
aplikasi repot beli token bayar ovo saldo potong nomer token masuk tunggu bayar saldo potong kali nomer berveda token bikin emosi telepon nomer call pusat 123 kali potong pulsa bagus habis,31,188,6.06
mantap mudah kontrol pulsa aju notifikasi pelihara area dapat tingkat,10,69,6.9
aplikasi pln mobile bantu lapor ganggauan lurah soaln listrik kantor aplikasi mudah sudah lengkap banyak fitur pkokx baik deh,19,125,6.58
rutinitas padat hari bantu aplikasi pln mohon pasang listrik rumah daftar pasang via aplikasi nya survei nyala listrik rumah cepat bagus responnya terima kasih pln tahan kerja bagus semangat energi negeri maju,32,209,6.53
bayar aplikasi pln gratis biaya layan bayar biaya layan variasi harga aplikasi pln bayar listrik bayar nya aplikasi benefit manfaat apapum program sepeda listrik enggak klik mending enggak usah pasang,30,200,6.67
aplikasi pln mobile bantu fitur fiturnya mudah erti ribet kantor mantaps,11,72,6.55
february 2022 aju naik daya mohon meter prabayar material sedia pasang meter pasca bayar janji prioritas ganti meter prabayar sedia tahun meter prabayarnya pasang kantor pln dekat alas material sedia,30,199,6.63
aplikasi keren banget kirim bantu begitu kait token enggak masuk meter langsung bantu team pln mobile syukur banget ber terimakasih banget team pln mobile keren recommend banget aplikasi cinta benget aplikasi,31,208,6.71
guna grab motor listrik viar q1 tukar baterai motor app daftar kendara informasi sistem adu app mobile belum solusi ulp bulungan staf pln security belum solusi tukar baterai motor tkut2 jalan habis baterai jalan,34,211,6.21
hai admin kesini susah apk setelah update baca lokasi sinyal normal masuk mohon baik lagi sisi sistem tangan nya online tugas lapang nya sudah 80 normal rating ku 5,29,164,5.66
deskripsi bebas biaya administrasi beli token listrik biasaya admin pilih bayar lengkap tokopedia auto uninstall app,16,116,7.25
adu pasu foto ambil gambar pas centang langsung halaman utama ulang pakai hp istri baik tlfn 123 bayar,18,102,5.67
aplikasi bagus bantu lapor ganggu respon tangan cepat kece tagih listrik aplikasi,12,81,6.75
aplikasi bagus bantu bayar beli token listrik mudah lapor ganggu mudah cepat tangan moga maju inovasi,16,101,6.31
payment mandiri banking bayar bagus kerjasama menambah bank swasta mudah jangkau kalang masyarakat tengah kasih bintang 1 karena free biaya admin bayar 2500,23,156,6.78
sbnrnya aplikasi mudah sayang aplikasi tidak bisa filter slo slo tidak sesuai nama bisa proses pasang listrik mohon baik lagi sistem tidak curi nomor slo seperti alami saudara trm kasih,30,185,6.17
login selalu muncul insufficient balance deducated masuk pakai nomor pakai email direset sandi email kirim pencerahanya karena masuk,18,132,7.33
terimakasih pln mobile semenjak aplikasi khawatir ganggu keluh kait listrik rumah aplikasi mudah langgan dalam adu kalibrasi tugas loyal totalitas kompeten bidang apresiasi tugas baca meter handal cepat akurat dedikasi moga pln maju integritas layan langgan,36,257,7.14
aplikasi nya keren mudah bayar tagih listrik mana anti ribet respon nya cepat fitur2 tarik mudah,16,96,6.0
madam listrik muncul notifikasi aplikasi madam listrik buka aplikasi sayang buka aplikasi isi token ada madam listrik,17,117,6.88
download coba aju adu madam listrik tempat selang menit tugas pln langsung hubung wa bertanya lokasi langsung luncur aplikasi tindaklanjut pln bagus cepat tahan,24,160,6.67
lapor 123 ganggu listrik rumah tidak input kode tambah tidak respon lapor aplikasi info butuh sudah isi submit lapor error lapor,21,128,6.1
tukar batre servernya baik halaman tukar baterai sulit koneksi beda fitur masalah opsi tukar baterai,15,100,6.67
system sepenuh optimal error seringkali adu aplikasi tiba-tiba log hasil adu,11,76,6.91
tambah bintang 1 bintang 3 sebagai apresiasi cepat respon saya adu ganggu listrik aplikasi adu jam 21 00 malam jam 23 00 teknisi pln atas ganggu good job bayar tagih lalu aplikasi berani kuatir trouble uang kembali,37,214,5.78
aplikasi pln listrik lumayan bagus kok kalo madam listrik akurat banget tera situ jam 10 pagi madam nya cek tempat lampu hidup jam 9 mohon cek kendala aplikasi,28,159,5.68
alhamdulillah kwh rumah rumah keluarga termonitoring dengan 1 aplikasi lapor adu ganggu mudah aplikasi kadang lapor sudah close duluan selesai adu berulang2 dongkol tim lapang jelasin tempat semangat terus pln kondisi cuaca tentu usaha jaga puas langgan,37,253,6.84
aplikasi bagus bantu makan lengkap menu simple canggih kerja jari listrik bagus,12,79,6.58
apps guna id susah transaksi susah menu mudah apps ewalet mudah lihat saldo mudah lihat transaksi mudah lihat profil,19,116,6.11
beli token listrik aplikasi pln mobile pemberitahuan muncul listrik habis hadech refresh ubah bagaimana,14,103,7.36
2x pakai layan pln mobile adu listrik rumah hasil muas tugas fast respon gercep aplikasi mudah pasti sangaatttt sangaaatt bantu terima kasih,22,140,6.36
sumpah kali alami ganggu listrik rumah nya muncul terang cancel masuk token vocer listrik hubung 123 konfirmasi daftar adu ganggu 2 menit langsung telpon tugas pln baik menit ganggu listrik rumah atas cepat mudah tunggu jam jam hari terimakasih pln,40,248,6.2
biaya listrik wifi periode nya imbang tingkat kualitas layan nya wifi eror layan nya tingkat eror kasih 5 eror kasih bintang 1 tingkat layan kualitas nya,26,153,5.88
aplikasi pln mobile mudah langgan beli token adu suka fitur pesan token habis pln nomor indonesia layan cepat,18,109,6.06
aplikasi pln mobile dengan sistem nya pln kadang tidak singkron nya sistem nya pln update aplikasi singkron dengan aplikasi data nik tidak sesuai nama ktp muncul sistem nya sistem pln jeneponto sistem nya update sudah 3 aju subsidi janji janji doang nik daftar subsidi aplikasi sistem mohon cek ulang data sistem terimakasih,52,324,6.23
aplikasi error rugi driver motor listrik grab isi saldo beli batrai masuk saldo potong baik,15,91,6.07
layan buruk respon lambat beli pulsa 20rb masuk2 terlu banayak aju tetap masuk beli transfer virtual account,17,108,6.35
aplikasi keren banyak fiturnya aplikasi pln mobile bantu masyarakat hubung langsung dngn pln kantor psg lapor adu listrik padam sngatlah mudah dimna saja saja donwload sekarang rasa mudah,28,187,6.68
aplikasi bagus mohon diprotek perihal update adu langgan cek adu tugas jujur dengan status adu nang tugas estimasi 3jam aktual 1 selesai tugas update penyelesainnya 2 jam,27,170,6.3
trimakasih respon baikkya adu kait apk langsung tangan trimakasih respon cepetnya nya bagus bom download buru download apk bantu,19,128,6.74
3 jam lapor token tidak bisa diinvut belum tindak ubah bagaimana solusiny sudah lapor belum muncul ubah tangan,18,110,6.11
instal gara-gara pasang wifi iconnet sudah chat admin cek coverage area tercover aplikasi tercover deal registrasi bayar cum adikasih 1x24jam besok teknisi datang eh cover alhasil refund deh sudah kecewa parah refund maximal 3bulan sudah jalan 1bulan dana masuk alam,40,266,6.65
aplikasi bantu aplikasi lapor ganggu listrik cepat tanggap nya juga cepat aplikasi transaksi beli pulsa,15,103,6.87
aplikasi pln bantu serba mudah info listrik semangat pln benah mudah puas era teknologi,14,87,6.21
pas memasuki token terang gagal aju adu pln mobile reapon atas cepat terima kasih pln mobile,16,92,5.75
app nya error adun upload photo kamera hp langsung menu utama gagal adu mohon baik app sudah email developer nya mengikuti panduanya memory sudah dikosongin jaring kuat ubah mending hapus app nya ujung ujung telepon saya clear cache eror mohon tindaklanjuti nya,42,261,6.21
baik aplikasi pln mobil kendara motor viar q1 kali tukar batre enggak mesin batre rusak aplikasi eror kali tukar batre enggak cek batrenya tanda refres,25,151,6.04
good job pln dengan hadir app langgan lebih mudah cepat hubung layan oknum tugas lapang ramah alam malam tugas baik kwh meter rumah core value bumn dapat paham terap dari pimpin atas karyawan rendah tugas lapang,36,211,5.86
kali nemu aplikasi bagus keren suka banget aplikasi manfaat banget tidak ribet fitur2 nya lengkap pokok best banget menyesal download ndk aplikasi sempurna baik praktis banget kasih reting 1jt aplikasi,30,201,6.7
mutu kesini nya susah jangkau signal signal data paket kencang wifi kencang,12,75,6.25
aplikasi cocok kaum mager rumah bayar listrik beli token hp sudah pln mobile,13,76,5.85
fitur diprovide aplikasi lengkap ui nya user friendly langgan mudah guna,11,72,6.55
ulang kali coba pilih lokasi menu pasang akurasi titik lokasi aktif akurasi pilih lokasi muat lokasi,16,100,6.25
ganggu muluuuuuuuu bagaimana tuker baterai mah ngandelin charger mah makan 3 4 jam isi baik sistem nya,17,102,6.0
aplikasi bagus kalo fitur layan pln sayang langgan iconet bayar masuk tagih pln mobile tagih orang pasu id langgan bayar tagih bayar tagih orang id langgan tau pasu aplikasi,29,173,5.97
download app padam listrik rumah bantu berkali2 lapor telpon baik 2hari listrik rumah padam lapor,15,97,6.47
mengira aplikasi mudah eh memasuki nomor npwp nik susah ampun data bagaimana min terima kasih,15,93,6.2
definisi one app bantu pasang lapor ganggu beli token semua keren pln mobile,13,76,5.85
aplikasi pln mobile mudah ribet lapor ganguan listrik tugas sigap tangan cepat download install aplikasi sila download fitur keren pln sana,21,139,6.62
login via email via ponsel suruh verifikasi email verifikasi hasil app suruh verifikasi login muter masuk2,16,106,6.62
pakai aplikasi pln mobile butuh layan kait listrik langsung pln mobile fitur tarik nya salah nya tracking status tugas yantek dalam respon adu keluh lapor langgan fitur tarik milik aplikasi pln mobile langsung install play store sudah install silah menu pln mobile sesuai dengan butuh,45,284,6.31
bantu aplikasi mudah dalam lapor ganggu monitor progres baik listrik fitur daya pasang simulasi biaya moga update lagi kait fitur2 keren depan best aplikasi keren mantaapp,26,171,6.58
update mudah beli token fitur fitur lannya sedia terimakasih pln mobile jadih mudah,13,83,6.38
mantul layan langsung respon limit apk anti ribet bilang apk enggak manfaat penggunaanya faham hp nya ganggu jaring,18,115,6.39
dalam adu listrik saya suka langsung telpon call center karena cepat diresponnya bagus hemat daya lain2 terima kasih pln moga lagi depan,22,136,6.18
aplikasi cari vocher diskon vocher belanja kes ketidakterbukaan gelintir orang dengan pln bisa akses apk fullfitur hmm bau udang balik rempeyek apk sempurna pakai apk 2thn belum sempurna hmm,29,190,6.55
beli token tukar batrai ovo token ketelen bayar hasil token muncul rugi alami driver grab tangan nya sistem bobrok,19,114,6.0
aplikasi pln mobile mudah adu kait listrik tugas fast respon tunggu konfirmasi dasar alam adu isi token gagal 2 jam konfirmasi,21,126,6.0
transaksi iconnet lihat aplikasi area tercover 6 pasang komplain cs service bilang area tsbt pasang saran refund proses refund ribet banget kembali max 60 kerja sayang area pasang iconnet aplikasi cantum area tercover,33,217,6.58
aplikasi bagus taju pasang cepat direspon masuk isi token lanjut bayar tambah indomarer alfa mart terima kasih,17,110,6.47
kali instal apl pln adu matlis gercep banget status nya batal pln tetap hubung kontak terima kasih apl nya guna call center pakai pulsa punya kuota internet terima kasih pln,30,173,5.77
mantaps tanggap semangat sayang akses android pln cowok id akses pasang daya banyak guna nyaman pakai pc kalo buka gan pakai pln mobile pakai pc,25,144,5.76
aplikasi bantu fitur pegaduan layan ramah cepat moga depan fitur fitur,11,70,6.36
lampu rumah mati pagi ditelfon bilang 1jam 3 jam sampai malam bom nyalah bayar gin responnya cepat alamat dtg2 ini kecewa pln,22,125,5.68
aplikasi update bayar via virtual notifikasi pln mobile kadaluarsa saldo sudah potong bagaimana,13,95,7.31
layan langgan buruk listrik mati siang hujan angin lapor enggak nyala2 sore tlpon 3x tindak status adu ubah lampu nyala hubung tlpon cs kasih adauan beda 3jm cek tiba-tiba status adu batal pln darmo permai surabaya layan buruk telat bayar hari lupa langsung surat ingat putus,46,275,5.98
bantu mudah aplikasi mudah guna paham bahasa tata letak menu mudah erti,12,71,5.92
aplikasi lengkap layan maksimal contoh adu halaman aplikasi temu menu adu isi kode keluh adu tampil 1 arah lapor keluh tindak internal pln sempat diskusi sempat tindak effek keluh,29,179,6.17
layan nya respon sudah kali lapor ditanganin sekarang kabel rumah putus karena pohon tumbang enggak deh satu datang lokasi status lapor selesai nihil datang terima kasih,26,169,6.5
baik sistem kerja tim pln 3 lapor tindak aplikasi selesai pln kecewa pln bintang kasih bintang,16,94,5.88
download sampai februari neng banget gratis biaya adm pas maret isi token kena adm sudah pakai mandiri dari bias gratis pas kemarin top byr adm,25,143,5.72
wih aplikasi canggih manfaat sekali kilometer langusng hubung tugas respond langsung kerja kendala apa,14,102,7.29
alam buruk beli iconnet jelas teknisi aplikasi kesal teknisi penuh dicancel ikut prosedur refund tolak proses jalan luas jangkau input refund kali tunggu kesel,24,159,6.62
aplikasi bagus cuman iconetnya layan cepat wifi trobel baik cepat baik,11,70,6.36
alami kendala penginputan token listrik gagal langsung lapor pln senter pangaduan langsung tangan tangan cepat ramah terimakasih pln cikande,19,140,7.37
layan tugas adu via aplikasi cepat dar aplikasi formalitas bantu langgan,11,72,6.55
verifikasi tapi tidak aplikasi kayak pakai aplikasi pakai daya pasang aplikasi lain verifikasi langsung pakai update versi aplikasi ambil foto daya sesuai tunjuk arah aplikasi daya pasang isi data mohon foto muncul gambar emogi warna merah kenapamesti nunggulamaverifikasi hampirsebulan,39,286,7.33
aplikasi pln mobile bantu mudah lapor ganggu informasi madam urus ubah daya,12,75,6.25
aplikasi powerful butuh listrik adu cepat tangan enak beli token hemat good job pln,14,83,5.93
aplikasi bantu ganggu listrik rumah langsung lapor pln mobile repot-repot kantor pln lapor malam pas hujan gede pemberitahuan daerah madam baik jaring listrik antisipasi siap2 madam,26,181,6.96
mantap aplikasi layan nya cepat adm app nya telepon saya kasih 5 deh bintang nya bintang kasih mantaaappp,18,105,5.83
mantap bantu aplikasi solutif benar-benar bantu beli token rebah repot ribet terima kasih pln mobile berakhalak andal baik pokoke,19,129,6.79
aduh min token deh habis beli token aplikasi saldo potong transaksi gagal benar deh bagaimana sungguh ku sesal mendownload nya,20,126,6.3
aplikasi keren semenjak pakai hubung listrik tagih ganggu mudah suka fitur cek riwayat guna bulan manfaat,16,105,6.56
history komplain hapus komplain september 2022 beres history hapus sistem via email riwayat cakap bukti-bukti jadi salah pln tanggung langgan aplikasi otomatis selesai komplain tindak,25,183,7.32
daftar pasang bayar online proses mudah kantor pln suruh daftar online,11,70,6.36
konek server aplikasi respon catat meter masuk tanggal 23 tagih listrik cek aplikasi,13,84,6.46
saya guna electric vehicle kenapa kendara ganggu sistem v205 suruh masuk versi beta versi beta penuh bagaimana solusi,18,117,6.5
bantu beli token listrik saldo potong stroom terima keren bantu apps nya,12,72,6.0
aplikasi bagus aplikasinha mudah dan catat meter bagus catat kira kisar biaya lihat riwayat pakai nilai sendiri good app tingkat sistem,21,135,6.43
pokok wajib instal aplikasi mudah repot kalo listrik tinggal klik selesai,11,73,6.64
bagus aplikasi sayang tukar poin ganggu loadingnya grade akun lot pakai baik aplikasi lot loadingnya terimakasih,16,112,7.0
aplikasi super super bantu awwwwwwwwhhhhhhhhhhh install meter rumah masalah diinstal langsung menu adu adu lapor menit doang wa konfirmasi kait adu nya dong adu pagi banget itu 06 00 wib super cepat kayak kilattt thx pln thx much,38,229,6.03
aplikasi pln mobile mudah salam ecek rekening bayar bulan adu perihal ganggu listrik mudah tugas gerak sigap tanggap pln baik,20,125,6.25
alam beli token listrik via aplikasi tanggal 9 1 23 proses bayar token lunas bukti bayar balesan nomor tokennya komplain via aplikasi via email tanggal 14 1 23 hasil refund kirim nomor token gantung proses jelas bikin kapok,38,223,5.87
ocr mohon baik tagih lonjak salah scan ocr baca angka mohon baik beta launch fasilitas koreksi data sengaja kirim sulit background meter sudah digital backgroundya tidak hitam kondisi sudah selesai via pln 123 tks,34,213,6.26
pln mobile mudah bayar listrik ubah daya pasang adu ganggu listrik pokok mantap deh aplikasi lengkap pln baik,18,109,6.06
alhamdulillah pln mobile mudah habis token tau informasi tagih info daya info pasang informasi madam adu ganggu info promo promo hits pln mudah moga layan nya tingkat,27,166,6.15
kali pakai aplikasi pln alhamdulillah bantu adu tiba-tiba kwh tunjuk periksa aplikasi bantu hemat langsung kantor layan cepat terima kasih,20,138,6.9
mantap aplikasi one percaya efektif embantu layan butuh langgan kalo kasih saran sedia doc pdf tutorial guna fungsi fungsi fitur fitur sedia didownload langsung aplikasi mudah guna lebih menguaaai guna aplikasi,31,210,6.77
alhamdulillah aplikasi mudah aju adu keluh kait ganggu listrik lingkung rumah bingung harus adu langgan internet provider iconnect aplikasi pln mobile sukses tingkat layan bravo pln,26,181,6.96
aplikasi ganggu informasi email hp tedaftar mohon profesional nyaman era serba modern catat meter panjang tanggal good 1 info madam info guna pln mobile tau info terima kasih bpk skalian moga benah kurang2nya,33,208,6.3
terimakasih app nya sudah 2 kali meter pulsa rumah alami periksa susah ngisi pulsa app adu tangan tugas terahir saran ganti mesin meter prosedur ganti mesin meter pungut biaya ganti mesin meteranya terimakasih pln,34,213,6.26
aplikasi bantu informasi madam pasang migrasi tambah daya adu ganggu listrik aplikasi bantu hemat putar pln langsung kantor pokok mantap pln,21,140,6.67
dear pln mobile good apk best tantang sedia menu check sisa kwh real time hitung estimasi dasar riwayat pakai bukti bahwa apk baik tiada tara,25,141,5.64
langgan pln kecewa sudah daftar pasang sudah menunggu aplikasi nya salah alamat aplikasi benar-benar sulit langgan pln data salah ulang menunggu bayar kecewa,23,157,6.83
bantu aplikasi pln mobile meter ganggu input nomor tokenlistrik namu aplikasi pendauan melaluiaplikasi bantu tugas pln aplikasi terimkasih bantu,19,144,7.58
wah bagus aplikasi pln mobile era digital ikut zaman serba era digital mudah guna kaum mageran saat cuaca lagi sahabat akses nya rumah sukses terus,25,147,5.88
aplikasi nya update tagih direfresh logout login cek aplikasi bayar tagih aplikasi pln muncul kemarin normal thanks pln sudah konfirmasi baik layan,22,147,6.68
1 bebrapa fitur akses grafik pakai 2 milik 2 nomor rekening detil informasi tampil 1 nomor rekening 3 titik wilayah titik lokasi sesuai aktual anyway tambah selass 25 mei 2021 daftar daya notif terima progres menu status mohon menu konfirm 123,41,243,5.93
bantu aplikasi pln mobile meter ganggu input nomor token listrik namu aplikasi pendauan aplikasi bantu tugas pln aplikasi buruang donlwod aplikasi teman-teman mngalami sukses pln mobiile terimkasih bantu,28,203,7.25
aplikasi bagus akses menu respon adu ganggu cepat tingkat layan nya lagi,12,72,6.0
aplikasi pln langgan trobel meter listrik langsung lapor menu adu pakai aplikasi tangan tugas pln menu menu aplikasi guna ayo perusahaan2 layan publik bikin aplikasi online one benar-benar pln,29,192,6.62
atur verefikasi ktp asli nama asli foto asli jaring normal pakai wifi akun nama asli ktp atur system masuk logika curiga aplikasi sengaja sulit kejar ratting deh resmi pln,29,171,5.9
aplikasi muncul pakai beberapakali sangat-sangat responsip adu langgan mudah isi token listrik simulasi bayar pasang ubah daya migrasi mudah buka pln baik,22,154,7.0
aplikasi mudah bantu lapor ganggu listrik tambah layan pasang daya repot kantor pln,13,83,6.38
min aplikasi ganggu jaring sistem begitu alami 2 minggu baik min aplikasi bayar tagih tidak muncul telat bayar denda rugi hubung call center terimakasih jelas kalo upaya pemberitahuan dulu min baik,31,197,6.35
aplikasi pln mobile mudah efisien ribet milik fitur cek tagih transaksi mudah mantapss deh aplikasi nya,16,103,6.44
aplikasi nya bantu bayar listrik biaya admin lapor ganggu listrik padam fast respon marketplace nya coba install app trimakasih pln mudah,21,137,6.52
aplikasi bagus bantu isi menu pasang ribet bertele2 isi jlo nidi celah manfaat instalater2 nakal dengan tambah tarif pasang,19,123,6.47
aplikasi guna lapor madam jam tanggap jam keburu tidur kerja beres cepat langsung telpon kantor tahu orang,17,106,6.24
ganggu nomor token masuk lapor via aplikasi pln mobile balas nomor clear tamper via wa tinggal ikut langkah ganggu atas datang tugas pln terimakasih pln mobile,26,159,6.12
aplikasi pln mobile bantu tau tagih madam daya repot kantor fiturnya bagus terimakasih pln kayawan,15,98,6.53
copy nomer meter kalo beli token bayar tagih bulan aplikasi langsung aplikasi ribet benar nukis manual manual bayar ayau beli token baik,22,136,6.18
aplikasi nya lumayan suka biaya adm nya isi token bayar pakai virtual bank biaya layan nya adm nya biyaya alias gerat adm biaya layan,24,133,5.54
drama awal bapake nomor token diinput gagal sebab listrik rumah padam browsing orang sistem prabayar milik kendala saran adu aplikasi pln mobile yowislaah ya tapi langsung direspond tugas pln bantu pandu dari jarak hatur nuhun saran kali bisa woro baharu,40,254,6.35
aplikasi efisien bantu bayar listrik admin adu cepat tanggap tingkat inovasi servicenya terimakasih,13,99,7.62
aplikasi bantu mudah electrizen ada ganggu langsung lapor via pln mobile electrizen bisa history pakai pulsa langgan prabayar mudah atur biaya listrik bulan keren,24,162,6.75
aplikasi bantu langgan info madam migrasi pasang daya adu ganggu terimakasih pln mudah akses,14,92,6.57
marketplacenya bayar online moga banyak promo bayar pakai top saldo pln kembang arah,13,84,6.46
maaf niat hati instal app ukur meter mandiri cek meter deh mengecek langsung rumah appnya berat sulit ukur meter diup ulang kali kecewa baik,24,140,5.83
aplikasi pln mobile aplikasi bagus manfaat hubung listrik listrik tagih mudah,11,77,7.0
aplikasi bantu tau madam pasang tagih daya adu cepat tangan bantu tau putar pln kantor pln pokok mantap yess,19,108,5.68
makip mantap pln sedia aplikasi simpel guna aplikasi isi token adu daya pasang isi kendara listrik sport2 maju pln depan,20,120,6.0
asek mantap bantu banget apk pln mobile informasi listrik rumah selesai aplikasi pagi siang malam tugas pln sigap gesit enggak repot-repot kantor pln adu terima kasih pln mobile,28,177,6.32
mudah beli pulsa listrik adu layan konsumen pakai listrik hari hari kontrol pakai listrik rumah adu cepat respon aplikasi nya terkadang eror moga depan aplikasi nya,26,164,6.31
kecewa rencana pasang wifi anjur tulis data bayar laku tanggal 9 oktober tim pasang tanggal 11 oktober pasang gagal pasang server penuh rumah selang menghubingi pengambalian dana jelas menghubingi sales tanggung keluh mohon cerah,34,229,6.74
mantav era kuota kayak gin memang dibutuhin aplikasi kayak gin mengecek tagih laporin ganggu enak tangan cepat info putar kendara listrik spklu nya lengkap moga sampean beli kendara listrik depan,30,195,6.5
wifi iconnet kecewa masak tagih bayar wifi katany tagih masum lewat mail bantu coba hubung lewat wa telepon respon leemooot tapi enggak ada solusi katany kirim tagih lewat mail tapi enggak ada masuk beberpa wifi tidak bayar susah pln baik sistem layan,42,251,5.98
aplikasi mantap menu cek tagih daftar lapor ganggu pln baik,10,59,5.9
respon adu cepat tangan tele tele manfaat aplikasi pln mobile langgan bolak2 kantor aplikasi mudah sukses moga bagus fitur2 aplikasi,20,132,6.6
masuk tulis ganggu jaring sistem jaring internet lancar baik masalah aplikasi pln mobile langsung baik nyaman aplikasi pln mobile,19,129,6.79
bantu pln mobile adu ganggu mudah proses cepat proses daya pasang mudah transparan,13,82,6.31
bagus mudah tukar poin lot cek vocer lot dtingaktkan kcptannya saja sudah saya clear chace tetap bayar listrik cepat pas point cek vocer lot lihat vocer vocher undi kosong padahal dulu ngpulim tukar vochermya butuh undi hilang,37,226,6.11
kali pakai apps pln adu listrik mati isi token nomor kwh pencet langsung adu via apa pln mobile alhamdulillah respos cepat tugas langsung penangananya muas appsnya bantu terima kasih pln mobile moga adu ganti kwh cepat proses,37,225,6.08
pasang wifi iconnet bulan sudah 2 kali jaring kacau lampu indikator normal lapor tanggap lapor via email tanggap via wa bot balas via aplikasi terima tindak menyesal tagih sudah bayar kalo tau layan,33,198,6.0
bagus aplikasi nya mudah paham mudah urus layan adu daya,10,56,5.6
catat meter swacam deteksi angka kembang swacam kirim dengan total pakai 283695 swacam tulis manual tapi enggak tau dipakai,19,123,6.47
aplikasi bantu atas listrik rumah respon cepat kantor fitur fitur nya lengkap bayar token ubah daya sambung pokok rekomendasi aman jaya terimakasih pln mobile,24,158,6.58
adu saldo potong token masuk app sudah hari tidak tanggap bagaimana ini sampai sekarang enggak tanggap ya rating saya turun sampai token saya kirim,24,147,6.12
aplikasi bantu jaring listrik masalah cepat respon baik trouble jaring listrik beli token listril harga murah banding provider sukses pln inovasi baik langgan indonesia pln baik,26,177,6.81
aplikasi bantu fitur adu layan ramah cepat adu tagih listrik moga depan fitur fitur yan,15,87,5.8
alhamdulillah aplikasi terobos pln bagus banget beda banget dengan aplikasi sekarang beli token daya pasang adu aplikasi,17,120,7.06
proses pasang aplikasi mudah pln butuh pusat daerah singkron kalo enggak komplen enggak langsung urus berat kalo pasang daya bayar lunas diam langsung adu biar daerah tau kalo bayar aplikasi langsung pindah status cepat proses lunas nyala terus selesai pln daerah nuggu kita adu,44,278,6.32
aplikasi bantu mudah lapor ganggu isi token listrik promo promonya tarik moga depan baharu diupgrade ikut kembang zaman mudah langgan amin,21,138,6.57
listrik bagus internet iconnet ganggu rekomendasi main game ganggu kenal kadang weekend kerja siang malam,15,105,7.0
keren aplikasi nya lengkap sudah paket komplit info update promo promo aju adu proses genggam tangan tampil user friendly terima kasih pln,22,138,6.27
aplikasi bantu fitur saji lengkap info madam adu langgan bayar listrik beli token cocok ribet terimakasih pln pln mobile,19,120,6.32
uninstal update jaring stabil terbuhung servernya akun log login cek bayar ribet,12,80,6.67
aplikasi manfaat cek histori pakai listrik adu daya aju mudah,10,61,6.1
aplikasi pln mobile bantu konsumen masalah kait listrik beli token adu sambung sambung simulasi biaya ganggu listrik cepat tangan aplikasi mudah guna,22,149,6.77
aplikasi lengkap butuh informasi kait biaya ubah daya ubah daya bantu pemberitahuan informasi token habis mudah beli token pilih bayar topp pln mobile,23,150,6.52
alhamdulillah aplikasi pln mobile bantu beli token adu ganggu pasang meter moga depan layan pln baik amin,17,105,6.18
fitur aplikasi sudah lengkap layan praktis mudah cepat enggak repot telepon call center lagi kantor pln pasang listrik lapor ganggu liatrik rumah,22,145,6.59
aplikasi error kesal log vouchernya raib loadingnya hubung cuma pantau tagih masalah pemberitahuan lampau hapus,15,111,7.4
aplikasi tarik agam pilih menu mudah layan langgan setia pln informasi tambah pln wifi icone harga jangkau bantu langgan setia pln nikmat layan internet rumah jaya pln terus kembang negriku,30,189,6.3
bayar pakai shopay aplikasi begini mending langsung bayar shopee biaya adminnya mahal edit tq sekarang deh lancar lagi bayar pakai shopay pln mobile moga tahan karena hemat biaya admin,29,184,6.34
versi beta guna versi uji ganti versi eh versi beta alhasil catat meter nyaman coba mengikuti layar kuning gilir unggah potong dan belum catt meter versi enggak enak kecewa kalo enggak aneh bikin sesimple enggak keramaiin ribet enggak simple malas kali buka aplikasi kalo enggak catat meter enggak aneh isi nya,51,310,6.08
pln ulp warujayeng nganjuk jawa timur tangan adu adu perihal lampu meter listrik nyala warna kuning aplikasi tera maksimal 3 jam adu selesai 1 jam tugas solusi tugas listrik rumah padam lumayan kayak adu aplikasi baik tangan adu langgan,39,236,6.05
swa cam baik kalo normal swa cam selesai angka meter baca,11,57,5.18
aplikasi bantu urus listrik 1 jari lapor ganggu bayar tagih coba kirim catat meter salah input idpel edit ulang hapus,20,117,5.85
saldo potong token muncul2 proses bayar beli token lancar tapi malam error bayar tapi token,15,91,6.07
terimakasih layan aplikasi bingung lapor ganggu beli pulsa listrik kalo madam info aktual madam nyala moga,16,106,6.62
aplikasi lengkap layan maksimal contoh adu halaman aplikasi temu menu adu isi kode keluh adu tampil 1 arah lapor keluh tindak internal pln sempat diskusi sempat tindak effek keluh,29,179,6.17
bagus layan aplikasi lini layan akun sosial media bantu tangan keluh kalau serba pakai aplikasi penuh memori hpnya gercep via aplikasi syukur tugas lapang sigap tangan tambah profil akun gender perempuan panggil laki laki panggil bu,36,232,6.44
kasih bintang 3 jaring wifi iconnet wilayah belum tercover daftar susah banget menunggu info belum informasi lanjut,17,115,6.76
malam coba hapus bintang karena karyawan pln hubung ubah bintang hasil deh 1 jam beli token kode muncul baik dululah sistem biar layak bintang terimakasih,25,154,6.16
server nya error aplikasi nya bug kasih bintang baik masak kelas bumn ndeso masak kalah swasta,16,94,5.88
aplikasi manfaat guna mana habis pulsa lapor ganggu tinggal klik smartphone buka apk pln mobile tingkat lagi mutu kwalitas apk fitur apk tarik baik yes lot sukses terus team yantek sebagai garda depan gaji naikin ya apa pln potong terus kasih hehehehe,42,251,5.98
apk nya bantu dalam genggam aplikasi beli token pasang daya adu moga depan saing dengan apk modern,17,98,5.76
aplikasi bagus bantu ganggu listrik mudah lapor bantu progres baik,10,66,6.6
manfaat masyarakat informasi pln lapor ganggu bayar token ubah daya mantap pln mobile,13,85,6.54
aplikasi improve kasih pemberitahuan madam listrik rencana tagih bulan sisa token listrik adu ganggu listrik good apps,17,118,6.94
aplikasi pln mobile baik pantau pakai listrik notifikasi madam listrik lapor ganggu fast respon mudah-mudahan depan,16,115,7.19
layan mudah listrik pln mobile terimakasih pln aplikasi mudah cepat tanggap,11,75,6.82
aplikasi bantu banget mudah praktis info madam guna fitur fitur mudah guna isi token listrik,15,92,6.13
bantu ganggu daya cepat responsive tugas langsung good job,9,58,6.44
aplikasi bagus bantu adu cepat langsung kantor efisien hemat terima kasih pln mobile,13,84,6.46
aplikasi pln mobile bantu beli pulsa bayar rekening bulan pln mobile mudah lapor ganggu listrik rumah pln mobile mantaapp,19,121,6.37
aplikasi mudah kait info ganggu tambah daya pasang mudah hitung estimasi catat meter bulan aplikasi bantu,16,105,6.56
aplikasi bagus bantu promo promo daya seru cashback discnya,9,59,6.56
alhamdulillah cek tagih proses bayar mudah suka info baru ganggu baik kait informasi koneksi iconnet pokok mantap,17,113,6.65
cakep aplikasi bantu fitur catat meter beli token simulasi biaya sambung pln mobile mudah pln mobile mantabbb,17,109,6.41
terima kasih pln aplikasi muda rumah ganggu tangan cepat pantau aplikasi tau tugas tangan moga aplikasi kembang tingkat layan pln langgan,21,137,6.52
aplikasi bantu pasang daya aplikasi beli token bayar rekening aplikask biaya admin lapor ganggu aplikasi enggak kantor pln,18,122,6.78
aplikasi notif aplikasi ganggu coba efektif boros,7,49,7.0
mudah akses info putar pln pasang daya moga depan fitur2 masyarakat mudah memaximalkan aplikasi,14,95,6.79
aplikasi bantu tangan keluh ganggu beli token bayar listrik salut pln sudah cipta aplikasi moga sukses pln depan,18,112,6.22
kalo aju pln semua online gin maksimal ribet aju pakai acara dlnikahan tulis jam 2 jam 3 kabar pln online mudah sulit telvon 031123 2xpun tindak,26,144,5.54
terima kasih pln bantu fitur langgan isi token beli adu sambung daya aplikasi fitur mudah cepat,16,95,5.94
update versi 5 2 37 ngeleg foto catat meter masuk menu catat meter aplikasi nutup mohon baik,17,92,5.41
aplikasi manfaat mudah informasi kait ganggu jaring pasang daya beli token listrik bayar rekening listrik pln jaya berinofasi terimakasih,19,137,7.21
aplikasi alami baik bukti mudah aplikasi akses tambah fitur tarik point reward nice work,14,88,6.29
aplikasi pln mobile langgan mudah adu ganggu listrik bayar oemeblian token fitur2 aplikasi bantu khawatir tipu biaya2,17,117,6.88
developer ngetest appnya hape mahal kali masyarakat hapenya bagus aplikasi berat banget bagaimana catat meter orang ulang buka kamera aplikasi langsung forced close tugas plnnya sudah nyatat gilir warga nyatet infrastukturnya jangkau entar tau-tau tagih bengkak enak pln nulisnya,39,279,7.15
terimakasih pln mobile layan aplikasi mudah info kait listrik pasang migrasi daya repot-repot kantor pln mobile mantap,17,118,6.94
trimakasih pln mobile aplikasi bantu perlu listrik langsung kantor pln antri tunggu tinggal klik mana atas sukses pln mobile,19,124,6.53
mantap aplikasi nya iya layan pasang pln pasang cepat saya share soadara rekan saya saya channel youtube lian tuba viwer channel saya aplikasi pln mobil terima kasih,27,165,6.11
aplikasi bantu banget mudah operasi ter date cepat responnya,9,60,6.67
aplikasi pln mobile bantu ganggu listrik padam langsung tracing cepat tangan,11,76,6.91
aplikasi nya bagus notifikasi nya kembang notifikasi madam nya delay jam madam nya 3 jam,15,88,5.87
alam alama alam ikut lomba volly tingkat nasional alam,9,54,6.0
alhamdullilah layan nya cepat respon layan 24 jam daftar susah ribet lanjut baru mudah terima kasih pln mobile,18,110,6.11
aplikasi keren alami kendala token prabayar gagal masuk lapor aplikasi direspon cepat kirim meresetnya,14,102,7.29
alhamdulillah aplikasi bantu karena ganggu daya pasang aplikasi mudah,9,69,7.67
id tiket emulba3s internet mati indikator merah kasih info kabel putus jalan 1 minggu tangan rugi guna mohon layan iconnect baik,21,128,6.1
halo pln aplikasi mengaco transaksi nyangkut bayar metode baca saldo potong konfirmasi bank barusan banget loh,16,110,6.88
aplikasi pln mobile rasax sulit adu ganggu listrik semenjak aplikasi pln mobile mudah trimakasih pln terus rang negeri,18,118,6.56
aplikasi bagus mudah guna keluh ganggu aplikasi responsip cepat penangananya terima kasih pln,13,93,7.15
kantor pln adu butuh baik proses adu monitoring via aplikasi aman karena resmi pln moga sukses,16,94,5.88
bagus notifikasi listrik rumah padam padam bantu banget bayar listrik beli token langsung mudah terimakasih pln,16,111,6.94
aplikasi pln mobile maju mudah langgan fitur2 tarik selesai genggam terimakasih pln kereeenn euy,14,96,6.86
aplikasi bagus bantu layan cepat bantu selesai ganggu fitur mudah bantu masyarakat pokok pln mantap saran provider iconnet masuk pln mobile proses adu atas tanggap pabila adu pengaruh kwalitas kerja pln mobile terima kasih,34,222,6.53
halo selamat siang bagaimana tangan dengan listrik padam tanggal 24 tanggal 27 pagi hinga sore mati lampu nyala malam kenapa benar nya mati lampu panjang jelas pemberitahuan sebab nya kalau bintang karena layan sudah bosan nilai arti nya,38,237,6.24
aplikasi alam alam ganggu kwh meter kirim foto kwh meter kirim kode ditindaklanjuti mandiri beres deh aman kontak dengan tugas pln minimalisir covid,23,148,6.43
senang aplikasi mudah bayar ribet2 ibu-ibu kadang rumahh bantu,9,62,6.89
saran min aplikasi mohon tambah support thermal printer langsung otomatis print aplikasi download,13,97,7.46
aplikasi nya bagus saya mau bilang habis periksa habis eror enggak isi token rusak suruh ganti bayar sudah 1 kali saya begitu bobrok benar memang,25,145,5.8
aplikasi bantu mudah dalam moga depan dilluar aplikasi layan call center 123 bebas biaya pulsa,15,94,6.27
aplikasi bantu cek rincian rekening catat meter mandiri daya mantap tetap inovasi,12,81,6.75
bagus adu madam tau tangan estimasi padam status sudah nyala actualnya oke pln apps,14,83,5.93
pln mobile aplikasi token saya habis tapi nyata nya token saya coba update notifikasi aplikasi nya saya habis beli maaf bintang dulu,22,132,6.0
aplikasi keren hubung dengan pln pasang ganggu migrasi aplikasi bantu,10,69,6.9
bintang 3 live chat nya buka kalo buka data muncul saya menu live chat,14,70,5.0
aplikasi pln mobile keren ganggu tinggal lapor isi token aplikasi bantu dengan situasi sukses,14,93,6.64
aplikasi nya gampang akses daftar pasang daya biaya bulan pemakain listrik rumah,12,80,6.67
listrik malem2 mati sudah bingung eh tau pln aplikasi sampai 1 jam langsung selesai nyala bantu kalo bintang 10 kasih deh mentok 5,23,130,5.65
metode bayar jibun sangking nya enggak fungsi adu cs suruh bayar minimarket biaya layan 5000 banget nomor tagih enggak muncul,20,125,6.25
bantu fiturnya banyak layan adu lihat trackingnya menu pasang ubah dia moga depan lebih,14,87,6.21
aplikasi nya dukung kalo ganguan apa-apa kilometer listrik listrik aplikasi nya langsung kalo ganggu apa-apa,15,108,7.2
pln mobil aplikasi bantu masyarakat alami ganggu keluh listrik padam palikasi masarakat mudah mehubungi pln kait ganggu keluh pln mobil pln langsung lokasi aplikasi simpel mudah pokok bantu aplikasi pln mobil baik,32,213,6.66
pln mobile sambung tambah daya listrik alhamdullilah layan nya cepat 2 minggu listrik sambung repot bolak kantor cabang pln urus sambung penmbahan daya listrik bravo pln hemat hemat biaya mudah aplikasi pln mobile,33,213,6.45
aplikasi mantap transaksi listrik beli token history beli token ubah daya pasang bantu transaksi,14,96,6.86
daftar mudah fitur menu mudah moga sempurna fitur ingat fitur mudah,11,67,6.09
bagus aplikasi sayang biaya pasang tunggu wilayah camat pamijahan kab bogor butuh biaya,13,87,6.69
aplikasi bantu mudah hidup respon adu cepat tanggapin orang ramah beli token listrik kena biaya pln mobile aplikasi baik terimakasih pln moga terang rang indonesia,25,163,6.52
menu ubah daya upgrade downgrade 1300 900 enggak terus mengapai bikin apps tetap suruh kantor pln,16,97,6.06
pln mobile mudah bayar listrik ubah daya pasang adu ganggu listrik pokok mantap n aplikasi lengkap,16,98,6.12
aplikasi bantu saatbterjadi ganggu langsung tracing sebab ganggu mudah informasi layan pln mantab jaya,14,102,7.29
aplikasi bantu saya bisa aju adu tanggap cepat proses trimssemoga bisa maju,12,75,6.25
alam buruk beli iconnet jelas teknisi aplikasi kesal teknisi penuh dicancel ikut prosedur refund tolak proses jalan luas jangkau input refund kali tunggu kesel,24,159,6.62
aplikasi mudah pelpapor pantau tugas ecek tagih madam ganggu listrik sekitar lokasi dampak langsung kirim notif via pln mobile email maju pln mantap,23,148,6.43
aplikasi bagus cuman iconetnya layan cepat wifi trobel baik cepat baik,11,70,6.36
beli pulsa token listrik atas jam 11 12 malam sekarang solusi perban pln duduk bareng kalo gin konsumen ribet rugi pulsa habis malam,23,132,5.74
kecewa 2 kali live chat aplikasi dengan nama 2 agent beda nya itu2 arah listriqu kena biaya rusak mcb kalau betulin enggak prna seperti enggak kena biaya sudah begitu 3 menit cakap belum balas langsung tutup cs hello broo langgan mengetik mikir kagak lo copy paste,46,264,5.74
pln mobile aplikasi mudah urus listrik pribadi serta keluarga bantu aplikasi mudah mudah tingkat fitur fiturnya terima kasih pln mobile,20,135,6.75
aplikasi bantu terimakasih pln karena aplikasi keluh langgan mudah keluh terima 5 menit selesai nya kirim kerennnnnnnn,17,118,6.94
barusan kendala beli token debit 100k via gopay pln mobile bingung tombol pusat bantu fungsi untung langsung tangan call pln kode area 123 terimakasih tim pln,26,158,6.08
guna mudah guna butuh listrik hari pakai iconnet sedia fiturnya agam butuh 1 aplikasi,14,85,6.07
nya aplikasi mudah lapor pln ganggu listrik padam daerah rumah aplikasi beli token listrik bayar tagih daftar calon pasang meter notif madam listrik pln berita baru bonus2 pln,28,175,6.25
sulit masuk nomor telpon email alas ganggu sistem internet ngacir aplikasi kendala pantau adu aplikasi,15,102,6.8
respect anggota masuk pelosok jalan pada aplikasi bantu mudah komunikasi,10,72,7.2
sedia aplikasi jaring bagus wifi stabil berat,7,45,6.43
aplikasi pln mobile sih manfaat bayar beli token listrik sih info baru putar madam listrik lokasi kait,17,102,6.0
aplikasi bantu adu informasi ganggu daya sambung isi token mudah sekarang tambah internetnya terimakasih pln sedia aplikasi,17,123,7.24
terimakasih respon cepat keluh sudah pakai muat lokasi nya daya harga promo,12,75,6.25
adu cepat tanggap bagus sistem fiturnya komplit mudah erti,9,58,6.44
pakai wifi kendala bagus bagus jelang 1 pakai kadang jaring iconect suka ganggu buka gambar loading mohon baik kualitas nya,20,123,6.15
aplikasi bantu tangan adu aplikasi nya mohon cepat terimakasih cepat telpon,11,75,6.82
notifikasi madam date cari madam lokasi muat gagal akses lokasi gagal verifikasi data,13,85,6.54
aplikasi batu bisa beli pulsa jauh2 indomaret alfamart rebah tambah fitur fitur pokok baik,14,90,6.43
terima kasih bantu nya aplikasi pln mobile komunikasi operator pln nya langsung layan nya cepat aplikasi pln mobile bantu ucap terima kasih,22,139,6.32
aplikasi mudah langgan informasi mudah terima kasih pln mobile serba mudah aplikasi,12,83,6.92
batal uang kembali 2 nomor lapor hilang uang hilang andai batal kembali rekening bayar enak,15,91,6.07
daftar mudah fitur menu mudah moga sempurna fitur ingat fitur mudah,11,67,6.09
trimaksih aplikasi batu kerja besangkutan pln pokok membntu terima kasih pln mobile,12,83,6.92
alhamdulillan app pln mobile enggak rumah lapor ganggu pasang daya beli token rumah serasa kantor pln rumah pln mantap,19,118,6.21
aplikasi pln mobile bantu sekali dalam atas ganggu bagus nya ktr lagi lapor aplikasi memang baik,16,96,6.0
dengan aplikasi pln mobile bantu dengan masalah kilometer biaya terima kasih,11,76,6.91
aplikasi guna 1 play store bantu proses adu ganggu listrik mohon pasang daya manfaat nya,15,88,5.87
mudah pasang tangan ganggu beli token simulasi one app,9,54,6.0
isi data pilih nama kabupaten kota nya salah ubah nama kabupaten tulis alamat pilih peta,15,88,5.87
aplikasi jelek bantu aju kali kali padam lampu tindak bayar listrik gratis bos,13,78,6.0
min tagih iconnet muncul masuk id nya kali direstar diinstall ulang muncul min bagaimana,14,88,6.29
aktivasi saldo email verifikasi aneh aplikasi simpan uang saldo,9,63,7.0
terimakasih pln aplikasi bantu proses pasang madam listrik,8,58,7.25
bantu mudah layan pln repot kantor pln aplikasi pln mobile lapor kendala alami listrik hubung pln,16,97,6.06
bagus bantu mudah ganggu listrik tidak pln,7,42,6.0
aplikasi manfaat kali pakai adu madam listrik aplikasi user friendly tangan cepat mantap,13,88,6.77
sekarang kumpulin koin foto kilometer eror update baik kasih bintang 5,11,70,6.36
aplikasi bantu info madam tagih migrasi pasang daya langsung adu kantor pln keren dehc,14,86,6.14
aplikasi guna kesana kendala bisa lwat online keren layan cepat good app,12,72,6.0
info layan aduh ganggu continue aplikasi pln mobile layan aduh ganggu cepat status layan simetris aplikasi pln mobile kondisi fisik lapang terima kasih,23,151,6.57
aplikasi lancar poin kurang hilang nongol update eh eror mulu baik lagi begitu2 bayar token oke coba loadingnya,18,111,6.17
aplikasi kayak begini mudah uruannn gaperluu susah cari token listrik tinggal buka aplikasiii selesai makas banget benar bantu,18,126,7.0
aplikasi jalan lancar kemarin beli token aplikasi bayar transfer bank status hasil transfer saldo potong aplikasi status transaksi gagal alhasil token enggak lapor menunggu 1x24 jam tetap enggak tanggap,29,202,6.97
horee sudah daftar karena kesel coba password panjangin aplikasi guna banget,11,76,6.91
kali pakai aplikasi 2jam listrik padam lapor adu menit langsung konfirmasi tugas tugas lokasi cepat tangan nya terimakasih,18,122,6.78
mudah simple manfaat byr rek listrik monitoring keluh ganggu listrik monitoring bayar sebelumnya top pln,15,104,6.93
saya guna electric vehicle kenapa kendara ganggu sistem v205 suruh masuk versi beta versi beta penuh bagaimana solusi,18,117,6.5
aplikasi bantu jauh2 kantor pln rumah atas mantap,8,49,6.12
bantu apps kali ganggu token listrik sudah kebel lihat kode entri,11,65,5.91
adu sistem adu pasang daerah gowa sulawesi selatan november 2022 februari 2023 pasang alas material kabel jelas jelas pasang listrik bayar lunas bangun tempat listrik numpang sesuai nawacita perintah indonesia,30,209,6.97
iya aplikasi mobile bantu tangan ganggu langsung tracing lewat app cepat sekali tangan nya,14,90,6.43
pokok wajib instal aplikasi mudah repot kalo listrik tinggal klik selesai,11,73,6.64
aplikasi bantu masalah pln adu bayar pasang daya internet benah mohon benah bayar nya,14,85,6.07
langgan iconet usul mohon menu iconet tambah menu bayar bulan bayar bulan aplikasi terima kasih,15,95,6.33
harga token murah baik laku kendali sistem lot beli token pakai virtual akun 2x gagal saldo potong adu chat langsung enggak bingung konsumen satu2 nya besar indonesia usah enggak saing nya buruk layan adu aplikasi nya lapang lumayan bagus respon nya kayak lihat bos2 bsr pln,46,274,5.96
aplikasi pln mobile mudah ganggu bayar rekening listrik beli token moga kembang aplikasi depan,14,94,6.71
mudah pegang smartphone pasang daya beli token klik2 aplikasi pln mobile,11,72,6.55
aplikasi bantu info cepat madam ganggu listrik fast respon adu,10,62,6.2
aplikasi bantu langgan kantor lapor aplikasi pln mobile canggih lapor ganggu listrik madam cepat selesai pantau hp terima kasih,19,127,6.68
suka fitur lengkap akses layan pasang daya bayar tagih listrik beli token aplikasi tampil aplikasi user friendly mudah langgan,19,126,6.63
aplikasi nya keren fiturnya pasang adu beli token bayar tagih ribet mudah,12,73,6.08
aplikasi mudah fiturnya lengkap hemat nang cepat terima kasih pln,10,65,6.5
saran min ganggu sistem maintenance buka app nya ganggu tapi app buka beli token pakai linkaja bayar masuk tapi app notif ganggu token bayar masuk beli lagi ecommerce,28,166,5.93
aplikasi pln mobil bantu langsung lapor langsung dapat informasi pasang daya migrasi lapor ganggu tampa kantor pln pln mobile mantap,20,132,6.6
daftar susah nya main klik daftar gmail enggak hp coba memperbaiki aplikasi enggak digunain,14,91,6.5
aplikasi bantu hati kait listrik bantu lapor ganggu kwh meter muncul periksa lapor aplikasi pln mobile respon tugas cepat ganggu atas,21,133,6.33
sudah pakai pln mobile apps dilaunching sampai histori beli token catat kira listrik habis muncul notifikasi mengingatkan kalo isi ulang token habis pulsa dann bayar pakai wallet virtual account pakai mandiri biaya adminnya pure bayar harga pulsa mantap jiwa,39,258,6.62
aplikasi lot bayar masyaallah loadingnyaa lamaaaa banget habis sudah transaksi beli token status tunggu bayar padahal saldo sudah potong bantu aplikasi loading luamaaa email dibales balas bagaimana pln mudah gin sih hadehh,32,222,6.94
aplikasi serba beli token bayar tagih online notifikasi ganggu pelihara area id langgan rumah,14,93,6.64
bantu ngangguan mudah lapor pantau progres baik fitur daya pasang lihat estimasi biaya juga mohon diupdate aplikasi biar bagus lancar,20,133,6.65
aplikasi sinkron tugas lapang adu selang tugas jalan lokasi tugas tugas selesai riwayat aplikasi aktual zonk guna pln dekat aju adu cie aplikasi unfaedah,24,153,6.38
muncul tagih listrik bulan tanggal 2 min sudah aplikasi bayar listrik nya alias terang lunas tagih listrik nya bulan,19,116,6.11
aplikasi mudah kait adu layan repot kantor tinggal manfaat gadget selesai terima kasih pln,14,90,6.43
fitur aplikasi lengkap bantu pln mobile fitur bayar tagih listrik adu ganggu daya ada madam normal ada notifikasi,18,113,6.28
isi data pilih nama kabupaten kota nya salah ubah nama kabupaten tulis alamat pilih peta,15,88,5.87
daftar mudah fitur menu mudah moga sempurna fitur ingat fitur mudah,11,67,6.09
aplikasi bantu mudah kece adu pasang tampil interface cukup simple moga update saing,13,84,6.46
rumah alami meter bingung cari orang baik alhamdulillah pln mobile isi data id meter lokasi 1 2 jam tugas baik aplikasi bantu percaya coba,24,138,5.75
aplikasi bagus langgan bantu mudah lapor ganggu listrik pasang via aplikasi moga pln handal,14,91,6.5
desa rambutan camat rambutan kabupaten banyuasin pilih bayak camat masuk baik lengkap daerah gps nya otomatis baca titik gps smartphone,20,135,6.75
mantap mudah genggam isi pulsa layan ganggu pasang daya tangan cepat,11,68,6.18
selamat pagi nomor iconnet ganggu perangkat hubung telpon 123 sambung layan iconnet selamat pagi iconnet kali respon kamibada halo mohon bantu sulit hubung iconnet,24,163,6.79
alhamdulillah aplikasi bantu beli token pulsa tingkat kait jaring eror beli token pending moga tks,15,98,6.53
pln mobile bantu utama dalam bayar tagih listrik beli token lapor ganggu lengkap fitur simulasi daya pasang suka pakai aplikasi bayar listrik mudah cepat biaya admin kalo bayar pakai mandiri,30,190,6.33
2 kali adu listrik padam batal adu telepon 2 menit nyata nyala kondisi lapang padam,15,83,5.53
terima kasih pln aplikasi tau simulasi biaya pasang daya tambah syarat mudah tugas ramah jaya pln,16,97,6.06
mambantu aplikasi pln mobile layan ganggu cepat tanggap proses aju mudah,11,72,6.55
akun upgrade pemberitahuan daftar bagaimana maksud sudah aju mohon daya lokasi pekanbaru,12,88,7.33
era digitalisasi customer butuh service mudah respon cepat pln hasil butuh langgan aplikasi pln mobile moga ikut kembang tambah tambah fitur tarik terimakasih pln overall puas layan,27,181,6.7
aplikasi bantu pelnggan hindar pungli sambung moga bagus,8,56,7.0
mohon maaf swacam susah angka meter kotak mending kayak kemarin upgrade langsung ambil foto,14,91,6.5
bantu aplikasi mudah langgan selesai listrik rumah tambah fitur2 lengkap dalam aplikasi bantu,13,93,7.15
aplikasi pln mobile bagus bantu fitur nya tracing ganggu ganggu langsung tracing cepat tangan nya terimakasih,16,109,6.81
terimakasih pln luncur aplikasi pln mobile saya lihat benah baharu dalam aplikasi lengkap mudah langgan saya terimakasih pln,18,124,6.89
pln mobile inovatif aplikasi bantu dalam lapor ganggu daya terang cepat dalam layan mantap pln bravo,16,100,6.25
aplikasi bagus bantu fitur catat meter adu periksa sambung rubah daya fitur apk pln mobile mudah bantu,17,102,6.0
aplikasi bantu banget telfon adu aplikasi terimakasih banyak pln nya apl bantu banget,13,85,6.54
transaksi token potong saldo transaksi gagal minggu minggu uang 2 kali beli enggak,13,82,6.31
terimakasih pln mobile serba mudah beli token adu langgan aju pasang migrasi daya aplikasi,14,90,6.43
fasilitas bebas adminnya mengadakan dooonkk tarik lho langgan terima kasih aplikasi,11,83,7.55
aplikasi nya muas bantu mudah guna terimakasih pln khusus pln ulp balai selasa respon staf pegawai nya friendly love aplikasi best pokok,22,136,6.18
nikmat layan pln mudah genggam butuh aplikasi,7,45,6.43
respon lapor ganggu aplikasi rendah lapor ganggu rekomendasi aplikasi hasil muas,11,80,7.27
aplikasi bantu adu pasang ubah daya migrasi banyak sangan mudah,10,63,6.3
aplikasi bantu catat meter mandiri karena rumah tagih listrik kontrol paham erti isi aplikasi bantu terima kasih pln,18,116,6.44
fitur mudah sedia aplikasi bantu layan listrik genggam tangan hp bagus,11,70,6.36
aplikasi benar-benar tipu bayar pasca bayar aplikasi point point nol komplain lalu email kali email meminta beda-beda patuh kantor pln nya bantu dengan alas sistem eh dapat email download pln mobile helow bayar pakai pln mobile mobile,37,234,6.32
manfaat telpon call center bayar pln mobile ganggu atas terima kasih pln baik,13,77,5.92
listrik mati tinggal ketik ketik tugas luncur listrik nyala beli pulsa listrik daya mudah,14,89,6.36
layan adu mudah baik menu tambah tarik tingkat rang bangsa,10,58,5.8
aplikasi pln mobile hidup mudah organisir pantau tagih listrik mudah cepat bayar efisien sentuh jari aplikasi user friendly mudah orang biasa teknologi rekomendasi aplikasi pln mobile orang milik alam bayar listrik mudah,32,220,6.88
aplikasi mudah lapor ganggu tracing ganggu info padam luas bantu manfaat pln,12,76,6.33
setia layan bantu mudah jangkau kait layan listrik terimakasih pln mobile,11,73,6.64
iconnectnya masalah kemarin baik rusak layan csnya slow respon aplikasi nya,11,75,6.82
kala meter rumah muncul tulis periksa aplikasi pln mobile adu bintang karena fungsi,13,83,6.38
urus listrik rumah mudah beli token pasang daya adu ganggu lengkap sedia pln mobile pln baik,16,92,5.75
app pln mobile hapus install kenapa enggak masuk kode otp enggak kirim kode otp lewat sms nomer sudah daftar gimanah supaya pakai applikasinya,23,142,6.17
bantu mudah listrik daya lapor ganggu beli token listrik informasi inti guna cepat gampang,14,90,6.43
modal jempol satsetsatset tugas tangan beres keluh daya pasang aplikasi pln mobile bantu mana mantap,15,100,6.67
layan pln pln mobile sangat mudah tugas pasang kwh meter layan cepat ramah biaya tambah terimaksi pln moga layan,19,112,5.89
apk pln mobile bantu topup mbanking lupa capture transaksi chat cs apk pln mobile responsif kirim token transaksi saya moga tahan,21,129,6.14
mantaaaaaapp aplikasi bantu lapor ganggu listrik akses layan pln mudah,10,70,7.0
aplikasi bapuk eror tukar baterai motor listrik beli paket saldo sudah potong paket kosong aplikasi kelas perintah baik kualitas mudah kerja jalan ganti orang nya mengerti paham biar enggak eror mulu kali terus,33,210,6.36
terkadang kendala alami langgan pln kilometer masalah alir listrik stabil alami kendala kait listrik rumah mesti capek capek kantor aplikasi pln mobile adu,23,155,6.74
aplikasi super bawa mudah cepat layan langgan aplikasi pln mobile mudah,11,71,6.45
aplikasi bagus gampang mudah erti beli token daya sudah repot klik pln mobile,13,77,5.92
aplikasi bantu masalah keluh listrik tangan cepat tanggap keluh sistem kerja,11,76,6.91
layan mudah akses bantu aplikasi mudah paham rekomendasi pokok,9,62,6.89
aplikasi pln mobile bantu lapor ganggu tangan cepat daya 2 sudah diupgrade terima kasih pln,15,91,6.07
app nya bantu beli token listrik adu ganggu respon nya cepat terimakasih pln mobile,14,83,5.93
aplikasi manfaat menu komplit dari lapor ganggu informasi ganggu informasi madam top markotop,13,93,7.15
mudah difahami bantu perihal butuh listrik pasang ganggu keluh tampil tarik informatif,12,86,7.17
pln mobile jooos tangan layan langgan baca meter komplen ganggu history bayar pakai listrik pln mantaaaaap surantap pln,18,119,6.61
arnes lapor rusa meter listrik rumah lanjut informasi baik bulan tugas hubung baik meter listrik pln,16,100,6.25
install aplikasi sangat-sangat rugi beli token bayar banking virtual account bayar hasil saldo potong aplikasi pln mobile status tunggu bayar bayar batas maksimal 3 jam 3 jam kadaluarsa token muncul rugi hubung call center responnya belit belit selesai brengsek,39,261,6.69
hadir aplikasi pln mobile bantu mudah layan cepat praktis layan ganggu sigap respons ditindaklanjuti perhati durasi padam rasa langgan pln baik,21,143,6.81
aplikasi bantu info putar pasang migrasi adu aplikasi nya bantu pokok,11,69,6.27
aplikasi maret tambah biaya layan 1 750 transaksi pln dana pungut apk,12,69,5.75
bantu lapor ganggu listrik rumah respon tugas cepat aplikasi usefull,10,68,6.8
aplikasi bantu memudahakan lapor listrik informasi madam fitur bah daya pasang migrasi,12,86,7.17
aplikasi bantu tejadi ganggu listrik rumah langsung lapor via app respon cepat beli token pulsa rekap riwayat isi pokok mantap terimakasih pln,22,142,6.45
iconnet 4 internet bikin adu dibenerin sekarang internet mati niat enggak bikin jaring wifi enggak niat mending banyak wifi merk adu nya point,23,142,6.17
pln mobile sungguh praktis mudah daya proses cepat moga kembang,10,63,6.3
listrikqu pln gabung aplikasi aju batal listrikqu tolak tugas call centernya sopan lge bicara,14,93,6.64
aplikasi bantu listrik masalah karena repot repot daten kantor pln listrik,11,74,6.73
aplikasi pln mobile bantu informasi madam akibat ganggu pelihara jaring informasi pasang daya pasang mudah langgan adu,17,118,6.94
alhamdulillah bantu langgan adminnya merespon cepat ramah langsung jelas arah kait kendala alami terimakasih pln tingkat kualitas layan nya,19,139,7.32
hi pln usul nih tambah fitur isi token via mobile pencet kwh mudah langgan dalam isi ulang token pas pergi orang rumah biar ngisi token begitu takut listrik habis token moga timbang pln,33,185,5.61
app kasih bagus sistem pungli bagus main bersih pasang listrik registrasi nomor nidi slo mudah guna regis nidi slo cantum nomor orang orang kait didlm app kasih situ oknum bermaen busuk,31,185,5.97
apkasi bantu masyakart langgan karena keluh ganggu listrik plggn kntor plggn ecek status lapor lebih pentg fitur ganggu fitur kalah ungguh foto swacam layan daya pasang kwh meter pokok pln mobile best,32,200,6.25
aplikasi nya keren bantu mudah paham fitur fitur simple ribet mudah mantap,12,74,6.17
saran call center 123 via telpon bebas pulsa layan panggil bayar panggil layan call center pln 123 kena tarif panggil rp 5000 panggil layan keluh bantu langgan erti milik ponsel android unduh layan pln mobile,35,208,5.94
bantu habis beli token via atm struk riwayat transaksi nomor token aplikasi,12,75,6.25
mudah cepat tangan ganggu fitur nya lengkap mudah guna,9,54,6.0
susah foto swacam kotak kuning nya stabil lari2 bisa besar posisi meter,12,71,5.92
kali mohon proses daya aplikasi tunggu 10 ditindaklanjuti 11 tindak adu langsung telepon pln adu aju langsung proses kerja jelek akibat oknum tanggap,23,149,6.48
ribet adu kendala tangan cepat karena target batas closing adu mantap,11,69,6.27
aplikasi bagus bantu mudah pulsa listrik habis kios beli pulsa listrik tinggal bel aplikasi pln mobile,16,102,6.38
aplikasi bantu lapor ganggu via aplikasi kantor pln tangan lapor ganggu cepat terima kasih pln,15,94,6.27
pln canggih apk nya praktis moga aplikasi stabil ringan fungsional salutt,11,73,6.64
cs pln telpon kali kali selesai 4x 24 jam selesai report email aplikasi guna balas nya template terus tim kait lejas progress case bayar potong status aplikasi bayar konfirmasi halo baca bayar hasil,33,198,6.0
aplikasi bantu mudah paham adu listrik cepat tanggap layan muas keren pln mobile,13,80,6.15
mudah lapor ganggu daya pasang pln top markotop,8,47,5.88
aplikasi mudah fitur respon adu cepat manfaat,7,45,6.43
bantu respon nya cepat tingkat layan baik aplikasi nya mantap,10,61,6.1
aplikasi fungsi pindah android 13 catat meter listrik mandiri muncul pesan platform exception available camera,15,110,7.33
aplikasi lancar bagus manfaat januari lot muncul notif baik server,10,66,6.6
kecewa beli paket tukar batrai viar saldo potong paket masuk 3 kali driver grab,14,79,5.64
pasang pakai pln mobile mudah banget sat set langsung transfer beres deh tinggal menunggu proses pasang,16,103,6.44
layan nya bagus cepat tanggap malam isi token mudah aplikasi pln mobile trimakasih pln,14,86,6.14
aplikasi adu ganguan gagal tulis muat ulang coba kali jaring pakai wifi baik,13,76,5.85
apl nya lumayan bagus mudah adu respon nya lumayan cepat sayang nya apl nya update versi baru cek idpel alamat nya tampil lengkap tampil bintang bintang sulit nama alamat idpel cek mudah mudah depan nya baik,36,207,5.75
3 menu electric vehicle enggak guna motor listrik viar tukar baterai bisa2 baik kak bisa nya,16,92,5.75
aplikasi nya bagus bantu info ganggu swacam baca meter mandiri daya pokok super,13,79,6.08
aplikasi pln mobile bantu tau info madam daya pasang tagih adu fiturnya pln baik,14,80,5.71
2 eror mlulu mcb game payah sudah coba muncul tulis erorsistemjaringan hp nya sistem apk pln,16,92,5.75
aplikasi keren tambah fitur bikin pusing interface asing guna aplikasi guna mudah paham mantap lanjut,15,101,6.73
mudah pln mobile beli token lapor ganggu pasang daya pokok respon balik cepat bapa mama basodara ayo pakai pln mobile,20,117,5.85
tangan lapor ganggu responnya cepat tugas ramah mudah urus listrik pln mobile top deh pokok thank pln mantap,18,108,6.0
bantu alami ganggu respon cepat fitur rim kasih,8,47,5.88
aplikasi keren fiturnya bantu lapor ganggu respon tangan cepat,9,62,6.89
aplikasi bantu mudah saya aju migrasi pasca bayar pra bayar proses mudah cepat thanks pln,15,89,5.93
beli token gagal saldo potong komplain via telphone kirim bukti via email saldo kecewa,14,86,6.14
aplikasi bantu hidup serba cepat apa hubung listrik pln pln mobile solusi nya bravo pln mobile,16,94,5.88
aplikasi bantu kantor pln langsung cek tagih listrik info madam mohon pasang daya,13,81,6.23
keren habis promo nya gampang pakai aplikasi nya terimakasih pln moga terang benderang,13,86,6.62
bug baik suka erro isi token biar langgan betah pakai app kalo update tan bintang nya,16,85,5.31
aplikasi nya bisa jangkau transaksi berita kini lapor ganggu tindak cepat akurat best pokoke pln hati,16,101,6.31
aplikasi butuh zaman modern karena butuh penuh cepat gampang inti aplikasi keren banget,13,87,6.69
halo gais pakai brimo baca mobile transaksi listrik pdam sana aplikasi ribet rubah data sulit eror aplikasi sulit makan 5 menit transaksi pakai mobile banking 1 menit selesai terimakasih,29,186,6.41
aplikasi bantu info madam tagih pasang migrasi adu,8,50,6.25
canggih aplikasi mohon fitur kece history bayar beli pulsa,9,58,6.44
aplikasi bagus mudah moga depan aplikasi tambah fitur2 guna,9,59,6.56
aplikasi nya mudah bantu respon tangan tugas tehnik cepat kasih ya pln mobile,13,77,5.92
mudah akses layan pln fitur mudah paham respon layan cepat pln mobile mantap,13,76,5.85
pln mobile bantu mudah cepat layan nya terimakasih salam santun ngawi,11,69,6.27
aplikasi ada undi kupon pas pilih salah undi itu notifikasi email telpon undi tipu,14,82,5.86
mudah mohon daya kota tetap mantap pool rumah nyokap deh menambah daya jeglak jeglek lagi terima kasihh pln,18,107,5.94
apk bantu kurang tangan cepat cs cepat mohon maximalkan,9,55,6.11
halo pln kenapa meter bisa hidup mati dari meter langsung bisa hidup ganggu sekarang,14,84,6.0
aplikasi nya bantu pelosok mudah lapor layan costumer service beli token listrikkk kerennnnnnn,13,94,7.23
keren kantor update info pasang daya sukses pln,8,47,5.88
aplikasi bantu bagus mudah layan listrik terimakasih pln,8,56,7.0
tukar baterai viar q1 baterai baca spbklu indikator full 100 tukar baterai spbklu pondok gede up3,16,97,6.06
wow mantap promonya pas banget butuh rumah mumpung promo daya terima kasih pln tunggu promo2,15,92,6.13
awat sistem ganggu sistem ganti baterai ganggu,7,46,6.57
alhamdulillah pln mobile lengkap fiturnya pakai beli token daftarin pasang daya tetangga,12,88,7.33
terima kasih pln mobil aplikasi pln mobile informasi tagih bayar keluh mudah,12,76,6.33
kasih 1 bintang daftar susah masuk notif ganggu daftar pakai metode apa daftar susah ganggu benerin dulu aplikasi,18,113,6.28
keren banget set instal saya buka akun real cepat lancar tmpilan nya tata rapi bayar listrik pkonya mntap,18,105,5.83
aplikasi pln mobile memper mudah cepat lapor ganguan isi token fitur nya mudah erti terimakasih,15,95,6.33
aplikasi sangatt bagus bantu mudah isi token bayar uang listrik online tau lebih pln mobile,15,91,6.07
pln mobile praktis simple butuh listrik genggam good job tingkat kualitas layan nya,13,83,6.38
aplikasi mudah bayar listrik prabayar pokok nya canggih deh sudah hp ribet aplikasi nya mantap,15,94,6.27
wow keren aplikasi nya bantu nya ganggu listrik bantu beli token listrik,12,72,6.0
aplikasi bagus bantu ganggu respon tugas cepat,7,46,6.57
aplikasi sudah keren layan sat set adu chat live kirim foto meter rusak baik,14,76,5.43
aplikasi bagus daya pasang pesta aplikasi jaman transparan,8,58,7.25
aplikasi bagus bantu mudah beli token terimakasih puas bantu aplikasi,10,69,6.9
menu adu aplikasi gimmick alam ulang kali adu 3 kali tanggal nomor adu beda langgan pasang geser kabel pasang tetangga komplain kabel sr lintang lewat tanah bangunanya pln hubung saya tinjau lapang tiba-tiba status adu selesai saya pantengin status adu tersebut parah,42,267,6.36
mudah beli token lapor baik sistem jaring pln mobile ganggu sambung rumit alur mohon moga aplikasi oke depan,18,108,6.0
aplikasi pln mobile bikin mudah butuh layan bidang listrik,9,58,6.44
daerah apk guna pasang sulit pasang instalasi nidi online butuh daftar pasang apk jasa instalasi mendaftarkarkannya suruh bayar dengan harga daya 900 2 juta mohon apk mudah proses pasang terimakasih,30,198,6.6
terimakasih pln mobile berkat aplikasi tau pakai listrik rumah tau hemat moga bagus,13,83,6.38
bayar kadaluarsa pas proses sudah coba bayar link shopee pay transaksi sudah kadaluarsa,13,87,6.69
kecewa sudah capek capek ngumpulin point eh pas ditukerin terang nya lebih batas tukar tukar point sudah adu capek2 enggak solusi suruh tukerin pakai voucher,25,157,6.28
aplikasi pln mobile bantu fitur tracing ganggu ganggu listrik padam langsung tracing cepat tangan terima kasih pln,17,114,6.71
bagus cepat lapor ganggu listrik rumah bantu dengan nya aplikasi pln mobile,12,75,6.25
aplikasi bantu info padam cek tagih riwayat tagih info padam amat bantu,12,71,5.92
alhamdulillah pln karena layan adu ganguan respon cepat langsung tangan pln dekat terimakasih,13,93,7.15
mantap pasang ngelayani slo nidi ribet cari instalatir kayak tks pln mobile inovasi mudah,14,89,6.36
terima kasih aplikasi pln mobile layan mudah akses layan nya tugas kerja profesional thanks aplikasi pln mobile,17,111,6.53
mantap aplikasi mudah langgan top pulsa pantau langsung sedia fasilitas catat meter langgan listrik serta tagih,16,111,6.94
pusa terimakasih ucap pt pln aplikasi pln mobile berkat aplikasi urus mudah pln jaya rang nusantara nice,17,104,6.12
mudah akses kendala saldo activasi tunggu kode otp 1hr 1 kali 24 jam urgent isi mbl saldo close solusi,19,102,5.37
mudah pasang listrik ubah daya tinggal klik genggam jari langsung,10,65,6.5
1 maret 2023 beli token listrik bayar kena biaya admin biaya pemberitahuan fitur bantu aplikasi,15,95,6.33
adu layan listrik top fast respone pemeberitahuan madam listrik aplikasi notifikasi pemberitahuannya pop buka aplikasi tahu semoga bisa baik,19,140,7.37
terimakasih aplikasi pln mobile keluh sigap langsung langsung beres top deh pokok,12,81,6.75
aplikasi membantu banget info tagih bayar isi token ubah daya tinggal klik pakai ribet,14,86,6.14
aplikasi pln mobile upgrade min suruh cek email email notifikasi pln mohon masuk nya terima kasih,16,97,6.06
fitur mudah mobile langsung datang kantor pln mudah,8,51,6.38
aplikasi bagus mudah proses listrik rumah bayar tambah daya aju pasang lapor ganggu aplikasi pln mobile alami kendala klik proses selesai tambah daya muncul error data oleh v006 mohon bantu error clear cache memory masih tetap kak,37,230,6.22
bantu lapor ganggu respon tangan cepat laku kece riwayat beli token kalkulasi biaya tamba daya baca meter mandiri aplikasi,19,122,6.42
lumayan mambantu mudah aju adu system sepenuh optimal error seringkali adu aplikasi tiba-tiba log hasil adu,16,107,6.69
fitus aplikasi fokus urus listrik internet contoh periksa layan iconnet wifi peta terang peta lokasi tercover asli aplikasi sinkron lapang kelas pln aplikasi mending dibenerin duluh deh bug fiturnya tercover customer nya fast response cepat mending fokus dulu benerin produk listrik,41,282,6.88
update aplikasi pakai remote bluetoooth swacam keluar volume tangkap layar swacam aman2 moga erti keluh,15,103,6.87
tangan token selesai terima kasih masalah meter listrik rumah respon aplikasi lamban batal otomatis sistem adu moga tangan aplikasi cepat,20,137,6.85
pln mobile bayar token tagih listrik mudah biaya adminnya pakai linkaja murah catat meter mudah tanggal 23 27 bulan fitur adu cepat responnya rekomendasi masyarakat,25,164,6.56
aplikasi bagus mudah proses adu tangan mengpa buka aplikasi muncul adu bingung selisih paham konsumen teknisi overall bagus mudah mohon baik fiturnya terimakasih,23,161,7.0
bintang baik kendala mohon kembang lokasi splu data isi nol tambah merek kendara sepeda motor listrik viar volta edar masyarakat dukung program kendara motor listrik seperti merk uwinfly goda davigo uninstall aplikasi tidak koneksi kendara motor tidak data merek,39,262,6.72
aplikasi keren fiturnya mudah erti beli token daya bayar tagih adu enggak ribet mudah coba yukz buru download,18,109,6.06
aplikasi bantu fitur hadir pemberitahuan madam cek tagih aju pasang migrasi daya mudah cepat praktis adu kendala meter pln mobile ribet baik pln,23,144,6.26
aplikasi pln mobile bantu kontrol pakai butuh listrik hari mudah pakai sisa hal-hal harap seperti mati lampu karena khbisan pulsa listrik atas rumah aplikasi bantu,25,163,6.52
mantap aplikasi pln mobile adu ganggu cepat mudah kantor saya lebih enak sekarang sudah jaman era digital manfaat pokok terbaikk,20,128,6.4
aplikasi bagus mudah salah satu cek tagih listrik bayar listrik beli token aju daya pasang info pokok mantap buru download bestie,21,129,6.14
pln mus rawas muara keling banget mati lampu alas tiba-tiba mati tiba-tiba hidup tingkatkatkan maintence kualitas layan adu rubah kualitas layan alas valid banget listrik tiba-tiba mati,27,185,6.85
aplikasi bantu ganguan langsung laporankan cepat penangananya layan informasi baru kait madam daya pasang bantu aplikasi mudah,17,126,7.41
kendara listrik tulis ganggu jaring sistem v025 bagaimana titik lokasi spbklu kendara kalo lagi jalan memperbaiki menit cek kala daftar tulis apk pln mobile pakai jaring telkomsel kuat sinyal pakai wifi rumah,32,208,6.5
aplikasi bagus mudah pasang listrik fitur beli token pending nya banget sudah refresh detik cek email kalo urgent ngisi commerce deh pakai aplikasi tau tau keburu mati listrik,28,175,6.25
kwh meter rumah muncul periksa adu aplikasi tangan lambat akibat isi token listrik bunyi habis posisi malam takut gelap,19,119,6.26
aplikasi pln mobile bantu fitur tracing ganggu ganggu listrik padam langsung tracing cepat tangan terimakasih pln,16,113,7.06
